{
    "loss": 0.28626230359077454,
    "accuracy": 0.9568345546722412
}