{
    "loss": 9.052781105041504,
    "accuracy": 0.5035971403121948
}