{
    "loss": 22.960479736328125,
    "accuracy": 0.5035971403121948
}